iter	MultiClass	Accuracy
0	-2.014548602	0.6886657102
1	-1.957277615	0.7589670014
2	-1.902604066	0.7360114778
3	-1.847445695	0.7661406026
4	-1.794621966	0.7489239598
5	-1.751313244	0.7489239598
6	-1.709644076	0.7431850789
7	-1.659903689	0.7489239598
8	-1.623239723	0.756097561
9	-1.585455826	0.7647058824
10	-1.549084464	0.7661406026
11	-1.516197937	0.769010043
12	-1.487385828	0.7718794835
13	-1.457588919	0.7862266858
14	-1.425105807	0.787661406
15	-1.396787728	0.787661406
16	-1.367701278	0.7890961263
17	-1.3407184	0.7977044476
18	-1.31765597	0.7919655667
19	-1.295636546	0.8020086083
20	-1.271699109	0.8091822095
21	-1.249594549	0.8106169297
22	-1.229162332	0.8177905308
23	-1.209356441	0.8192252511
24	-1.187588998	0.8192252511
25	-1.167910952	0.824964132
26	-1.149488191	0.8263988522
27	-1.1279192	0.8263988522
28	-1.111128324	0.8263988522
29	-1.090733397	0.8307030129
30	-1.076632355	0.8321377331
31	-1.060020106	0.8335724534
32	-1.041711949	0.8378766141
33	-1.026870516	0.8421807747
34	-1.01121648	0.8450502152
35	-0.9996198632	0.8450502152
36	-0.9862840424	0.8479196557
37	-0.9723481123	0.8479196557
38	-0.9607718145	0.8507890961
39	-0.9481646956	0.8507890961
40	-0.9361148314	0.8479196557
41	-0.9249605265	0.8464849354
42	-0.9151599676	0.8493543759
43	-0.9049318226	0.8522238164
44	-0.894824728	0.8522238164
45	-0.8823510208	0.8522238164
46	-0.8721810666	0.8536585366
47	-0.861504783	0.8522238164
48	-0.8521352361	0.856527977
49	-0.8426682005	0.8550932568
50	-0.8338754758	0.8579626973
51	-0.8236923261	0.856527977
52	-0.8147568447	0.8593974175
53	-0.8046791972	0.8593974175
54	-0.7944655294	0.8608321377
55	-0.7851555305	0.8651362984
56	-0.7760357975	0.8694404591
57	-0.7692928877	0.8694404591
58	-0.7619039488	0.8708751793
59	-0.753894536	0.8708751793
60	-0.7453939749	0.8723098996
61	-0.7358709231	0.87517934
62	-0.72791397	0.8737446198
63	-0.7187333322	0.8737446198
64	-0.7117533389	0.8737446198
65	-0.7058491158	0.87517934
66	-0.6996451974	0.8780487805
67	-0.6926965301	0.8737446198
68	-0.6872401668	0.87517934
69	-0.6816321717	0.87517934
70	-0.6747995734	0.87517934
71	-0.6689005165	0.87517934
72	-0.6639203608	0.87517934
73	-0.6577733627	0.87517934
74	-0.6513919697	0.8766140603
75	-0.6459486896	0.87517934
76	-0.6409599039	0.8766140603
77	-0.6356763395	0.8780487805
78	-0.629492868	0.8809182209
79	-0.6230255376	0.8809182209
80	-0.6173550191	0.8809182209
81	-0.6120991111	0.8823529412
82	-0.6077785934	0.8823529412
83	-0.6019392047	0.8823529412
84	-0.5972724149	0.8823529412
85	-0.5912769333	0.8823529412
86	-0.5863391751	0.8852223816
87	-0.5811215785	0.8852223816
88	-0.5773439178	0.8852223816
89	-0.5720361649	0.8852223816
90	-0.5676236582	0.8866571019
91	-0.5633331189	0.8895265423
92	-0.5577639238	0.8909612626
93	-0.5524138928	0.8909612626
94	-0.5477791578	0.893830703
95	-0.5423725084	0.8952654232
96	-0.5386639324	0.8967001435
97	-0.5349040512	0.8995695839
98	-0.5308548695	0.8981348637
99	-0.5268296618	0.8981348637
100	-0.5226067017	0.8995695839
101	-0.5178392465	0.8995695839
102	-0.5140743489	0.9038737446
103	-0.5102809322	0.9038737446
104	-0.5064684609	0.9038737446
105	-0.5028926964	0.9053084648
106	-0.4993423595	0.9067431851
107	-0.4955512859	0.9067431851
108	-0.4920118879	0.9067431851
109	-0.4887074146	0.9081779053
110	-0.4857350673	0.9081779053
111	-0.4823837065	0.9067431851
112	-0.4780970892	0.9081779053
113	-0.47381991	0.9096126255
114	-0.4705371519	0.9096126255
115	-0.4669844405	0.9096126255
116	-0.4636862786	0.912482066
117	-0.4602762785	0.9139167862
118	-0.4569738921	0.9139167862
119	-0.4538578561	0.9153515065
120	-0.4503429547	0.9153515065
121	-0.4479777659	0.9153515065
122	-0.4446549565	0.9167862267
123	-0.4412988409	0.9167862267
124	-0.4384836862	0.9167862267
125	-0.4354833781	0.9167862267
126	-0.4332203161	0.9153515065
127	-0.4299470237	0.9167862267
128	-0.4263339743	0.9167862267
129	-0.4239153882	0.9182209469
130	-0.4215078794	0.9182209469
131	-0.4183129987	0.9182209469
132	-0.4153659335	0.9182209469
133	-0.4127963929	0.9182209469
134	-0.4108120368	0.9196556671
135	-0.4084949943	0.9196556671
136	-0.4065587885	0.9182209469
137	-0.4046363446	0.9210903874
138	-0.4015099475	0.9210903874
139	-0.3988022	0.9210903874
140	-0.3959753562	0.9225251076
141	-0.3937533233	0.9253945481
142	-0.3912260497	0.9253945481
143	-0.3888699029	0.9239598278
144	-0.3855714559	0.9239598278
145	-0.3830307599	0.9253945481
146	-0.3806524551	0.9282639885
147	-0.3780161351	0.9282639885
148	-0.3758915961	0.9296987088
149	-0.3734251121	0.931133429
150	-0.3716002819	0.9325681492
151	-0.3694191293	0.9354375897
152	-0.36781889	0.9354375897
153	-0.3654049903	0.9383070301
154	-0.3631337788	0.9368723099
155	-0.3613221225	0.9368723099
156	-0.3590678304	0.9368723099
157	-0.3570421471	0.9383070301
158	-0.3552225706	0.9383070301
159	-0.3531178724	0.9397417504
160	-0.3512128207	0.9383070301
161	-0.3490692674	0.9383070301
162	-0.3471359044	0.9411764706
163	-0.3455741311	0.9411764706
164	-0.3431899595	0.9426111908
165	-0.340939468	0.9426111908
166	-0.3392692723	0.9454806313
167	-0.3372862831	0.944045911
168	-0.3349748507	0.9454806313
169	-0.3328383118	0.944045911
170	-0.3308984407	0.9454806313
171	-0.3289463075	0.9469153515
172	-0.3271861219	0.9483500717
173	-0.3254534943	0.9483500717
174	-0.3238711838	0.9483500717
175	-0.3221883222	0.9483500717
176	-0.321192857	0.9483500717
177	-0.3191592676	0.9483500717
178	-0.317507647	0.9483500717
179	-0.3154616931	0.9483500717
180	-0.3136082717	0.949784792
181	-0.3121452005	0.9512195122
182	-0.3107146259	0.9512195122
183	-0.3093768528	0.949784792
184	-0.3073794451	0.9526542324
185	-0.3054552497	0.9512195122
186	-0.3036908302	0.9512195122
187	-0.3022696303	0.9512195122
188	-0.300714541	0.9526542324
189	-0.2989822406	0.9540889527
190	-0.2970556392	0.9540889527
191	-0.2950592605	0.9569583931
192	-0.2938133621	0.9569583931
193	-0.2919780355	0.9569583931
194	-0.2903456724	0.9569583931
195	-0.288111871	0.9569583931
196	-0.2866874444	0.9555236729
197	-0.2853705677	0.9583931133
198	-0.2841221834	0.9583931133
199	-0.2830163827	0.9583931133
200	-0.2817388085	0.9583931133
201	-0.2804469083	0.9583931133
202	-0.2790433694	0.9583931133
203	-0.2780691168	0.9583931133
204	-0.2771635571	0.9583931133
205	-0.2760720891	0.9598278336
206	-0.2749556656	0.9598278336
207	-0.2738178152	0.9598278336
208	-0.2728069674	0.9598278336
209	-0.2712606687	0.9598278336
210	-0.2698315527	0.9598278336
211	-0.2685011977	0.9598278336
212	-0.2671966674	0.9598278336
213	-0.2658799787	0.9598278336
214	-0.2643334997	0.9598278336
215	-0.2629401837	0.9598278336
216	-0.2616349639	0.9598278336
217	-0.2604065844	0.9598278336
218	-0.2591465018	0.9598278336
219	-0.2579303807	0.9598278336
220	-0.2571179934	0.9598278336
221	-0.2558626256	0.9598278336
222	-0.2542519927	0.9598278336
223	-0.2527336807	0.9598278336
224	-0.2515043988	0.9598278336
225	-0.250321922	0.9598278336
226	-0.2492054023	0.9598278336
227	-0.2477747834	0.9598278336
228	-0.2466199802	0.9598278336
229	-0.2455938409	0.9598278336
230	-0.2442053396	0.9598278336
231	-0.242508144	0.9598278336
232	-0.2411769989	0.962697274
233	-0.2398274004	0.962697274
234	-0.238320903	0.962697274
235	-0.2369567716	0.962697274
236	-0.2359570666	0.962697274
237	-0.2350445877	0.962697274
238	-0.2339244492	0.962697274
239	-0.2324241351	0.962697274
240	-0.231125185	0.9641319943
241	-0.2298458523	0.9641319943
242	-0.2283701808	0.9641319943
243	-0.2273547885	0.9641319943
244	-0.22621111	0.9641319943
245	-0.2253229019	0.9655667145
246	-0.224258332	0.9655667145
247	-0.2231359631	0.9655667145
248	-0.222208397	0.9655667145
249	-0.2211448898	0.9655667145
250	-0.2201419639	0.9655667145
251	-0.2189538615	0.9670014347
252	-0.2179510233	0.9670014347
253	-0.2167409483	0.9670014347
254	-0.215668632	0.9670014347
255	-0.2146124807	0.9670014347
256	-0.2137934211	0.9670014347
257	-0.2123864787	0.9670014347
258	-0.2114845045	0.9670014347
259	-0.2107197975	0.9670014347
260	-0.2100133906	0.9670014347
261	-0.2089783113	0.9698708752
262	-0.2079690454	0.9698708752
263	-0.2068121841	0.9698708752
264	-0.205960204	0.9698708752
265	-0.2049107994	0.9698708752
266	-0.203734295	0.9698708752
267	-0.2026219722	0.9698708752
268	-0.2015982724	0.9698708752
269	-0.2005409639	0.9698708752
270	-0.1994893408	0.9698708752
271	-0.1988190927	0.9698708752
272	-0.1974039428	0.9698708752
273	-0.1966869242	0.9698708752
274	-0.1959151031	0.9698708752
275	-0.1949680535	0.9698708752
276	-0.1937991046	0.9698708752
277	-0.1926247261	0.9698708752
278	-0.1917742043	0.9698708752
279	-0.1905416201	0.9698708752
280	-0.1893888792	0.9698708752
281	-0.188326288	0.9698708752
282	-0.1873563265	0.9713055954
283	-0.1864942117	0.9713055954
284	-0.1855090503	0.9713055954
285	-0.1845981196	0.9713055954
286	-0.1836427971	0.9713055954
287	-0.1827778454	0.9713055954
288	-0.1818204347	0.9713055954
289	-0.180833857	0.9713055954
290	-0.1797770347	0.9713055954
291	-0.1790286477	0.9713055954
292	-0.1782390691	0.9713055954
293	-0.1771079946	0.9713055954
294	-0.1763573086	0.9713055954
295	-0.1754429597	0.9713055954
296	-0.1746156007	0.9713055954
297	-0.1738526494	0.9713055954
298	-0.1729952364	0.9713055954
299	-0.1720695991	0.9713055954
300	-0.1713523227	0.9713055954
301	-0.1706978228	0.9713055954
302	-0.1697744159	0.9727403156
303	-0.1689805666	0.9741750359
304	-0.1681137858	0.9756097561
305	-0.1672394845	0.9756097561
306	-0.1664488939	0.9770444763
307	-0.1657093745	0.9770444763
308	-0.1648487324	0.9756097561
309	-0.1641741603	0.9756097561
310	-0.1632435557	0.9770444763
311	-0.1624501564	0.9770444763
312	-0.1617434902	0.9770444763
313	-0.1610458753	0.9770444763
314	-0.1601864181	0.9770444763
315	-0.1593278823	0.9770444763
316	-0.1584806769	0.9770444763
317	-0.1576610094	0.9770444763
318	-0.1570914173	0.9770444763
319	-0.1564677061	0.9770444763
320	-0.1558677004	0.9770444763
321	-0.1550788588	0.9784791966
322	-0.1543413226	0.9784791966
323	-0.1537359533	0.9784791966
324	-0.1532268804	0.9784791966
325	-0.1526322558	0.9784791966
326	-0.1521705848	0.9784791966
327	-0.1512604992	0.9784791966
328	-0.1505791107	0.9784791966
329	-0.1499186879	0.9784791966
330	-0.1492457858	0.9784791966
331	-0.1484543709	0.9784791966
332	-0.1477043553	0.9784791966
333	-0.14693755	0.9784791966
334	-0.1461950466	0.9784791966
335	-0.1456394909	0.9799139168
336	-0.1450553033	0.9799139168
337	-0.1444467161	0.9799139168
338	-0.1436693364	0.9799139168
339	-0.1431101965	0.9799139168
340	-0.142342446	0.9799139168
341	-0.1416835079	0.9799139168
342	-0.1409501338	0.9799139168
343	-0.1403471121	0.981348637
344	-0.1396863193	0.9827833572
345	-0.1391746524	0.9827833572
346	-0.1387570492	0.9827833572
347	-0.1380740963	0.981348637
348	-0.1374368171	0.981348637
349	-0.1368043603	0.981348637
350	-0.1363476566	0.981348637
351	-0.1357022004	0.9827833572
352	-0.1352161468	0.9827833572
353	-0.1346589519	0.9827833572
354	-0.1339791198	0.9827833572
355	-0.1331956602	0.9827833572
356	-0.1325882476	0.9827833572
357	-0.1318149781	0.9827833572
358	-0.1312560506	0.9827833572
359	-0.1306218764	0.9827833572
360	-0.1300019177	0.9827833572
361	-0.1296530308	0.9827833572
362	-0.1291243137	0.9827833572
363	-0.1284772633	0.9827833572
364	-0.1278637458	0.9827833572
365	-0.127328021	0.9827833572
366	-0.1267503857	0.9827833572
367	-0.1261795944	0.9827833572
368	-0.1256879428	0.9827833572
369	-0.1251487162	0.9827833572
370	-0.1247079917	0.9842180775
371	-0.1242362832	0.9842180775
372	-0.123715309	0.9842180775
373	-0.1231981972	0.9842180775
374	-0.1226295105	0.9842180775
375	-0.1220857673	0.9842180775
376	-0.1215535537	0.9856527977
377	-0.121049223	0.9856527977
378	-0.1204995287	0.9856527977
379	-0.1200458786	0.9856527977
380	-0.1196558685	0.9856527977
381	-0.1192269652	0.9856527977
382	-0.1189359826	0.9856527977
383	-0.1183513312	0.9856527977
384	-0.1178980515	0.9856527977
385	-0.1175305552	0.9856527977
386	-0.1170382556	0.9856527977
387	-0.1164612438	0.9856527977
388	-0.1161125951	0.9870875179
389	-0.1157916086	0.9885222382
390	-0.1152162374	0.9885222382
391	-0.1148388328	0.9899569584
392	-0.1142626262	0.9899569584
393	-0.1139074452	0.9899569584
394	-0.1134194975	0.9899569584
395	-0.1130518743	0.9899569584
396	-0.1125490178	0.9899569584
397	-0.112063778	0.9899569584
398	-0.1116009872	0.9899569584
399	-0.1111947874	0.9899569584
400	-0.1107617256	0.9899569584
401	-0.1103728473	0.9899569584
402	-0.1099196726	0.9899569584
403	-0.1093969297	0.9899569584
404	-0.1089923664	0.9899569584
405	-0.1086106693	0.9899569584
406	-0.1081655508	0.9899569584
407	-0.107727515	0.9899569584
408	-0.1073306023	0.9899569584
409	-0.1069269123	0.9913916786
410	-0.1065222581	0.9928263989
411	-0.1061210444	0.9928263989
412	-0.1056933851	0.9928263989
413	-0.1052146147	0.9928263989
414	-0.1048536494	0.9928263989
415	-0.1045002784	0.9928263989
416	-0.1040586543	0.9928263989
417	-0.1036440631	0.9928263989
418	-0.10327683	0.9928263989
419	-0.1028387484	0.9928263989
420	-0.1025722242	0.9928263989
421	-0.1021131005	0.9928263989
422	-0.1017796845	0.9928263989
423	-0.1014029004	0.9928263989
424	-0.1009960677	0.9928263989
425	-0.1006055793	0.9928263989
426	-0.1002082045	0.9928263989
427	-0.09992818533	0.9928263989
428	-0.09955844109	0.9928263989
429	-0.09914364563	0.9928263989
430	-0.09873338517	0.9928263989
431	-0.09843205065	0.9928263989
432	-0.09798988486	0.9928263989
433	-0.09758628087	0.9928263989
434	-0.097201453	0.9928263989
435	-0.09682195345	0.9928263989
436	-0.09658429026	0.9928263989
437	-0.0962374393	0.9928263989
438	-0.09590190753	0.9928263989
439	-0.09558029174	0.9928263989
440	-0.09523669717	0.9928263989
441	-0.09486477156	0.9928263989
442	-0.09461340357	0.9928263989
443	-0.09424600227	0.9928263989
444	-0.09395122669	0.9928263989
445	-0.09364445068	0.9928263989
446	-0.09340767322	0.9928263989
447	-0.09300562713	0.9928263989
448	-0.09262636396	0.9928263989
449	-0.09241199364	0.9928263989
450	-0.09207392321	0.9928263989
451	-0.09176776992	0.9928263989
452	-0.09142915531	0.9928263989
453	-0.09116607506	0.9928263989
454	-0.0908540063	0.9928263989
455	-0.09052307802	0.9928263989
456	-0.0900759634	0.9928263989
457	-0.08978387784	0.9942611191
458	-0.08950018382	0.9942611191
459	-0.08923443501	0.9928263989
460	-0.08890807435	0.9942611191
461	-0.08857580376	0.9942611191
462	-0.08828773819	0.9942611191
463	-0.08798641276	0.9942611191
464	-0.08769268126	0.9942611191
465	-0.08733378235	0.9942611191
466	-0.08712172624	0.9942611191
467	-0.08689943214	0.9942611191
468	-0.08660329257	0.9942611191
469	-0.08639762406	0.9942611191
470	-0.08614231582	0.9942611191
471	-0.08585702287	0.9942611191
472	-0.08560381691	0.9956958393
473	-0.08539491327	0.9956958393
474	-0.08517234653	0.9956958393
475	-0.08494222239	0.9956958393
476	-0.08465255511	0.9956958393
477	-0.08446869427	0.9956958393
478	-0.08426543594	0.9956958393
479	-0.08397153759	0.9956958393
480	-0.08364946019	0.9956958393
481	-0.08342629051	0.9956958393
482	-0.08312478938	0.9956958393
483	-0.08279454385	0.9956958393
484	-0.08254905702	0.9956958393
485	-0.08230274031	0.9956958393
486	-0.08205351063	0.9956958393
487	-0.08179012614	0.9956958393
488	-0.0815760327	0.9956958393
489	-0.08135755562	0.9956958393
490	-0.0810328683	0.9956958393
491	-0.08081511334	0.9956958393
492	-0.08057502428	0.9956958393
493	-0.08029953069	0.9956958393
494	-0.08006355187	0.9956958393
495	-0.07979282355	0.9956958393
496	-0.07956183114	0.9956958393
497	-0.07928015426	0.9956958393
498	-0.07908960735	0.9956958393
499	-0.07882528842	0.9956958393
500	-0.0786414885	0.9956958393
501	-0.0784598931	0.9956958393
502	-0.07829448013	0.9956958393
503	-0.07804244564	0.9956958393
504	-0.07775741423	0.9956958393
505	-0.07743983217	0.9956958393
506	-0.07715864074	0.9956958393
507	-0.07687743785	0.9956958393
508	-0.0766645335	0.9956958393
509	-0.07647074703	0.9956958393
510	-0.07621701045	0.9956958393
511	-0.0759982932	0.9956958393
512	-0.07578250345	0.9956958393
513	-0.07552070561	0.9956958393
514	-0.07530390469	0.9956958393
515	-0.07516643011	0.9956958393
516	-0.07490519552	0.9956958393
517	-0.07464285361	0.9956958393
518	-0.07445429986	0.9956958393
519	-0.0742057853	0.9956958393
520	-0.07402194116	0.9956958393
521	-0.07379336834	0.9956958393
522	-0.07360714998	0.9956958393
523	-0.07336712321	0.9956958393
524	-0.07321598661	0.9956958393
525	-0.07298279188	0.9956958393
526	-0.07275764425	0.9956958393
527	-0.07254583335	0.9956958393
528	-0.07241312453	0.9956958393
529	-0.07218531592	0.9956958393
530	-0.07195975751	0.9956958393
531	-0.07179389979	0.9956958393
532	-0.07155810578	0.9956958393
533	-0.07136139509	0.9956958393
534	-0.07114304772	0.9956958393
535	-0.07094432975	0.9956958393
536	-0.07072196212	0.9956958393
537	-0.07047290886	0.9956958393
538	-0.07029505501	0.9956958393
539	-0.07009112355	0.9956958393
540	-0.06989864049	0.9956958393
541	-0.06965960295	0.9956958393
542	-0.06942099988	0.9956958393
543	-0.06920647114	0.9956958393
544	-0.06900152315	0.9956958393
545	-0.06885623114	0.9956958393
546	-0.0686338287	0.9956958393
547	-0.06845585515	0.9956958393
548	-0.06825079564	0.9956958393
549	-0.06809832363	0.9956958393
550	-0.06787928691	0.9956958393
551	-0.06771757309	0.9956958393
552	-0.06755977453	0.9956958393
553	-0.06734338208	0.9956958393
554	-0.06715285988	0.9956958393
555	-0.06690323119	0.9956958393
556	-0.06672839899	0.9956958393
557	-0.06652452678	0.9956958393
558	-0.06636574807	0.9956958393
559	-0.06618416439	0.9956958393
560	-0.06598505601	0.9956958393
561	-0.06581941805	0.9956958393
562	-0.06561376798	0.9956958393
563	-0.065418584	0.9956958393
564	-0.06530027145	0.9956958393
565	-0.06514754116	0.9956958393
566	-0.06498084	0.9956958393
567	-0.06477241028	0.9956958393
568	-0.06461729158	0.9956958393
569	-0.06437735659	0.9956958393
570	-0.06417680893	0.9956958393
571	-0.06400899285	0.9956958393
572	-0.06385026751	0.9956958393
573	-0.06365707516	0.9956958393
574	-0.06352879778	0.9956958393
575	-0.06334332193	0.9956958393
576	-0.06318930831	0.9956958393
577	-0.06301452331	0.9956958393
578	-0.06284557501	0.9956958393
579	-0.062665087	0.9956958393
580	-0.0624752692	0.9956958393
581	-0.06229817675	0.9956958393
582	-0.06212196862	0.9956958393
583	-0.06196203442	0.9956958393
584	-0.06177287926	0.9956958393
585	-0.06158471397	0.9956958393
586	-0.06146691017	0.9956958393
587	-0.06128449699	0.9956958393
588	-0.06112734859	0.9956958393
589	-0.06090043178	0.9956958393
590	-0.06078218102	0.9956958393
591	-0.06062405387	0.9956958393
592	-0.06047471877	0.9956958393
593	-0.06031825131	0.9956958393
594	-0.06007917259	0.9956958393
595	-0.05996374819	0.9956958393
596	-0.05984047443	0.9956958393
597	-0.05971801875	0.9956958393
598	-0.05954521074	0.9956958393
599	-0.05940000384	0.9956958393
600	-0.0592247463	0.9956958393
601	-0.05909316099	0.9956958393
602	-0.05893912687	0.9956958393
603	-0.05879274541	0.9956958393
604	-0.05862462956	0.9956958393
605	-0.05846397889	0.9956958393
606	-0.05829908165	0.9956958393
607	-0.05813814707	0.9956958393
608	-0.05800701505	0.9956958393
609	-0.05782506349	0.9956958393
610	-0.05766797301	0.9956958393
611	-0.05753543751	0.9956958393
612	-0.05741975592	0.9956958393
613	-0.05727244118	0.9956958393
614	-0.05715144867	0.9956958393
615	-0.05707597274	0.9956958393
616	-0.05692317955	0.9956958393
617	-0.05677175262	0.9971305595
618	-0.05660689836	0.9971305595
619	-0.05647513776	0.9956958393
620	-0.05636956608	0.9956958393
621	-0.05626009216	0.9971305595
622	-0.05606771066	0.9971305595
623	-0.05592434544	0.9971305595
624	-0.05576833484	0.9971305595
625	-0.05558356698	0.9971305595
626	-0.05543121175	0.9971305595
627	-0.05528778766	0.9971305595
628	-0.05514354874	0.9971305595
629	-0.05499698094	0.9971305595
630	-0.05491340131	0.9971305595
631	-0.0547402072	0.9971305595
632	-0.05460691727	0.9971305595
633	-0.05446723563	0.9971305595
634	-0.05435457568	0.9971305595
635	-0.05422762639	0.9971305595
636	-0.05410084696	0.9971305595
637	-0.05397493278	0.9971305595
638	-0.05383449215	0.9971305595
639	-0.05369383481	0.9971305595
640	-0.05352511859	0.9971305595
641	-0.05341177459	0.9971305595
642	-0.05328573193	0.9971305595
643	-0.05317367901	0.9971305595
644	-0.05306545631	0.9971305595
645	-0.05294258904	0.9971305595
646	-0.0528285501	0.9971305595
647	-0.05273694955	0.9971305595
648	-0.05261125161	0.9971305595
649	-0.05248570073	0.9971305595
650	-0.05237529664	0.9971305595
651	-0.05227244183	0.9971305595
652	-0.05218372958	0.9971305595
653	-0.05206324917	0.9971305595
654	-0.05190720604	0.9971305595
655	-0.0517410925	0.9971305595
656	-0.0516407874	0.9971305595
657	-0.05155678687	0.9971305595
658	-0.05144613461	0.9971305595
659	-0.05134513732	0.9971305595
660	-0.05123116106	0.9971305595
661	-0.05114595872	0.9971305595
662	-0.05100435537	0.9971305595
663	-0.05086251203	0.9971305595
664	-0.05076545146	0.9971305595
665	-0.05064531608	0.9971305595
666	-0.05055659383	0.9971305595
667	-0.05047898776	0.9971305595
668	-0.0503494372	0.9971305595
669	-0.05024410477	0.9971305595
670	-0.0501462811	0.9971305595
671	-0.05000328764	0.9971305595
672	-0.04986886861	0.9971305595
673	-0.04976553524	0.9971305595
674	-0.04964262888	0.9971305595
675	-0.04951578267	0.9971305595
676	-0.04937370936	0.9971305595
677	-0.04927365561	0.9971305595
678	-0.04919130448	0.9971305595
679	-0.0490991505	0.9971305595
680	-0.04899632211	0.9971305595
681	-0.04888575423	0.9971305595
682	-0.04880356888	0.9971305595
683	-0.04870783231	0.9971305595
684	-0.04855121311	0.9971305595
685	-0.04841246707	0.9971305595
686	-0.04831925108	0.9971305595
687	-0.04821625601	0.9971305595
688	-0.04808739449	0.9971305595
689	-0.04799565171	0.9971305595
690	-0.04790968538	0.9971305595
691	-0.0478363754	0.9971305595
692	-0.04773749762	0.9971305595
693	-0.04764081356	0.9971305595
694	-0.0475198967	0.9971305595
695	-0.04739888009	0.9971305595
696	-0.04730101779	0.9985652798
697	-0.04718132868	0.9985652798
698	-0.04706225894	0.9985652798
699	-0.04696765269	0.9985652798
700	-0.04690275198	0.9985652798
701	-0.04681114642	0.9985652798
702	-0.04674992275	0.9985652798
703	-0.04667300071	0.9985652798
704	-0.04657917789	0.9985652798
705	-0.04647531173	0.9985652798
706	-0.04637723758	0.9985652798
707	-0.04626191833	0.9985652798
708	-0.04618533448	0.9985652798
709	-0.04601241228	0.9985652798
710	-0.04591821813	0.9985652798
711	-0.04579780532	0.9985652798
712	-0.04571421086	0.9985652798
713	-0.04559379916	0.9985652798
714	-0.04551462154	0.9985652798
715	-0.04545633735	0.9985652798
716	-0.04536467483	0.9985652798
717	-0.04523549638	0.9985652798
718	-0.04514346418	0.9985652798
719	-0.04504475781	0.9985652798
720	-0.04497772541	0.9985652798
721	-0.04489443306	0.9985652798
722	-0.04480054282	0.9985652798
723	-0.04473219795	0.9985652798
724	-0.04465203641	0.9985652798
725	-0.04454895362	0.9985652798
726	-0.04443129913	0.9985652798
727	-0.04431938673	0.9985652798
728	-0.04423664439	0.9985652798
729	-0.0441433743	0.9985652798
730	-0.04402631706	0.9985652798
731	-0.04394698405	0.9985652798
732	-0.04387785416	0.9985652798
733	-0.04381436247	0.9985652798
734	-0.04367801713	0.9985652798
735	-0.04357509316	0.9985652798
736	-0.04348440349	0.9985652798
737	-0.04340852899	0.9985652798
738	-0.04331971898	0.9985652798
739	-0.0432295494	0.9985652798
740	-0.04314221701	0.9985652798
741	-0.0430286579	0.9985652798
742	-0.0429038381	0.9985652798
743	-0.04282938452	0.9985652798
744	-0.04273078581	0.9985652798
745	-0.04261678482	0.9985652798
746	-0.04254839275	0.9985652798
747	-0.04243856486	0.9985652798
748	-0.04235650834	0.9985652798
749	-0.04227924372	0.9985652798
750	-0.04218958013	0.9985652798
751	-0.04208481758	0.9985652798
752	-0.04199801355	0.9985652798
753	-0.04187464564	0.9985652798
754	-0.04175688631	1
755	-0.04167857454	1
756	-0.04160793036	1
757	-0.04152565242	1
758	-0.04144950896	1
759	-0.04137270025	1
760	-0.04128362641	1
761	-0.04120630524	1
762	-0.04114489995	1
763	-0.04105595251	1
764	-0.04097845632	1
765	-0.04090598816	1
766	-0.04083707838	1
767	-0.04076926119	1
768	-0.04071140216	1
769	-0.04063677252	1
770	-0.04053673214	1
771	-0.04046536783	1
772	-0.04038272505	1
773	-0.04030020142	1
774	-0.0402288748	1
775	-0.04011424858	1
776	-0.04001983681	1
777	-0.03996313252	1
778	-0.03989352638	1
779	-0.03984614933	1
780	-0.0397600577	1
781	-0.03966877335	1
782	-0.03959221519	1
783	-0.03949808458	1
784	-0.03942707946	1
785	-0.0393801416	1
786	-0.03930895153	1
787	-0.03924444043	1
788	-0.03916192149	1
789	-0.03910283195	1
790	-0.03902850307	1
791	-0.03895676121	1
792	-0.03889553459	1
793	-0.03884970682	1
794	-0.03879934983	1
795	-0.03870426452	1
796	-0.0386509309	1
797	-0.03857020432	1
798	-0.03849440654	1
799	-0.03842903262	1
800	-0.03833239598	1
801	-0.03824869908	1
802	-0.03820874518	1
803	-0.03814066704	1
804	-0.03805716938	1
805	-0.03799460628	1
806	-0.03791539907	1
807	-0.03783468015	1
808	-0.03774556893	1
809	-0.03767029703	1
810	-0.03757308142	1
811	-0.03751749842	1
812	-0.03747083906	1
813	-0.03738356492	1
814	-0.0373013324	1
815	-0.03724292432	1
816	-0.03718150019	1
817	-0.03710476542	1
818	-0.03703131659	1
819	-0.03695974763	1
820	-0.03690535819	1
821	-0.03682156424	1
822	-0.03676675517	1
823	-0.0366954368	1
824	-0.03662536853	1
825	-0.03655625647	1
826	-0.03647191699	1
827	-0.03642605477	1
828	-0.03636545919	1
829	-0.03630218398	1
830	-0.03622355752	1
831	-0.03616415922	1
832	-0.0360901143	1
833	-0.03601512108	1
834	-0.03597067348	1
835	-0.03590514076	1
836	-0.03583334362	1
837	-0.03574590525	1
838	-0.03567992095	1
839	-0.03561218707	1
840	-0.03555080367	1
841	-0.03550514009	1
842	-0.03541531049	1
843	-0.03534006471	1
844	-0.03527798958	1
845	-0.03521939883	1
846	-0.03517578863	1
847	-0.03510495562	1
848	-0.03503717579	1
849	-0.03496951393	1
850	-0.03490429077	1
851	-0.03484009684	1
852	-0.03479495116	1
853	-0.0347238119	1
854	-0.03465603197	1
855	-0.03459660859	1
856	-0.03452946943	1
857	-0.0344530713	1
858	-0.03439164108	1
859	-0.03434372644	1
860	-0.03427430164	1
861	-0.03420905536	1
862	-0.03416285672	1
863	-0.03407355551	1
864	-0.03401478745	1
865	-0.03396211702	1
866	-0.03390601593	1
867	-0.03386136375	1
868	-0.03380935057	1
869	-0.033723438	1
870	-0.03368654189	1
871	-0.03363475541	1
872	-0.03356146396	1
873	-0.03349584299	1
874	-0.0334538439	1
875	-0.03340047692	1
876	-0.03334767841	1
877	-0.03329847016	1
878	-0.03323436928	1
879	-0.03317610893	1
880	-0.03310864958	1
881	-0.03304421739	1
882	-0.03298121781	1
883	-0.03292578218	1
884	-0.03285745477	1
885	-0.03280556215	1
886	-0.03275810815	1
887	-0.03269403196	1
888	-0.03263127735	1
889	-0.03259344109	1
890	-0.03253004629	1
891	-0.03249820838	1
892	-0.03242063842	1
893	-0.03236585144	1
894	-0.03231460629	1
895	-0.03226561426	1
896	-0.0321956934	1
897	-0.03214124883	1
898	-0.03207291273	1
899	-0.03203994849	1
900	-0.03196535753	1
901	-0.03189696129	1
902	-0.03184966283	1
903	-0.03179176338	1
904	-0.03174181726	1
905	-0.03168552328	1
906	-0.03161899544	1
907	-0.03156795368	1
908	-0.03152347498	1
909	-0.03147704072	1
910	-0.03143694426	1
911	-0.03138814581	1
912	-0.03131619305	1
913	-0.03127309707	1
914	-0.03122070223	1
915	-0.03116993877	1
916	-0.0311105917	1
917	-0.03106443777	1
918	-0.03100701663	1
919	-0.03096260251	1
920	-0.03092216027	1
921	-0.03088117621	1
922	-0.03083592819	1
923	-0.03079201751	1
924	-0.03073221509	1
925	-0.03069119053	1
926	-0.03064396397	1
927	-0.03061089736	1
928	-0.0305577709	1
929	-0.03051351789	1
930	-0.03045270976	1
931	-0.03041295288	1
932	-0.03038045355	1
933	-0.03032596004	1
934	-0.03028386862	1
935	-0.03024549439	1
936	-0.03019234612	1
937	-0.03015131766	1
938	-0.0301059972	1
939	-0.03006057563	1
940	-0.03001538246	1
941	-0.02996875077	1
942	-0.02993550952	1
943	-0.02988335401	1
944	-0.02983938863	1
945	-0.02980846652	1
946	-0.02977464688	1
947	-0.02972980681	1
948	-0.02969898527	1
949	-0.02963940384	1
950	-0.02960749847	1
951	-0.02956850181	1
952	-0.02952372933	1
953	-0.0294812278	1
954	-0.02942824811	1
955	-0.02939537336	1
956	-0.02935783513	1
957	-0.02929438075	1
958	-0.02923818781	1
959	-0.02919085832	1
960	-0.02916033076	1
961	-0.02910865311	1
962	-0.02907455648	1
963	-0.02903624449	1
964	-0.02898630614	1
965	-0.02894939056	1
966	-0.02888992439	1
967	-0.02885430026	1
968	-0.0288119678	1
969	-0.02876022355	1
970	-0.02872845319	1
971	-0.02869465353	1
972	-0.02865539405	1
973	-0.02860580461	1
974	-0.02857338385	1
975	-0.02852787077	1
976	-0.02849787707	1
977	-0.02844835188	1
978	-0.02840537348	1
979	-0.02836583324	1
980	-0.02833190769	1
981	-0.02828618509	1
982	-0.02823209052	1
983	-0.02818252117	1
984	-0.02814664428	1
985	-0.0281065294	1
986	-0.0280683821	1
987	-0.02801863508	1
988	-0.0279661174	1
989	-0.02790956514	1
990	-0.0278728778	1
991	-0.02780796286	1
992	-0.02774586483	1
993	-0.02770273495	1
994	-0.02765639198	1
995	-0.0276109896	1
996	-0.02756428295	1
997	-0.02753805897	1
998	-0.02750403875	1
999	-0.02744890845	1
